{
    "_ColorR": 1.0,
    "_ColorG": 1.0,
    "_ColorB": 1.0,
    "_RampLevels": 39.0,
    "_LightScalar": 1.1100000143051148,
    "_HighColorR": 0.004265803378075361,
    "_HighColorG": 0.0,
    "_HighColorB": 0.07547169923782349,
    "_HighIntensity": 10.0,
    "_LowColorR": 0.0,
    "_LowColorG": 0.4476914405822754,
    "_LowColorB": 1.0,
    "_LowIntensity": 0.25,
    "_OutlineColorR": 1.0,
    "_OutlineColorG": 1.0,
    "_OutlineColorB": 1.0,
    "_OutlineSize": 55.459999084472659,
    "_RimColorR": 0.9528301954269409,
    "_RimColorG": 0.23174816370010377,
    "_RimColorB": 0.0,
    "_RimAlpha": 1.0,
    "_RimPower": 0.6200000047683716,
    "_RimDropOff": 0.0,
    "_FresnelColorR": 1.0,
    "_FresnelColorG": 0.0896226167678833,
    "_FresnelColorB": 0.608620822429657,
    "_FresnelBrightness": 1.0,
    "_FresnelPower": 0.6499999761581421,
    "_FresnelShadowDropoff": 0.032999999821186069,
    "_GradYCap": 0.0,
    "_GradIntensity": 0.0
}