{
    "_ColorR": 1.0,
    "_ColorG": 1.0,
    "_ColorB": 1.0,
    "_RampLevels": 39.0,
    "_LightScalar": 1.1100000143051148,
    "_HighColorR": 0.0,
    "_HighColorG": 0.44705885648727419,
    "_HighColorB": 1.0,
    "_HighIntensity": 4.909999847412109,
    "_LowColorR": 0.0,
    "_LowColorG": 0.4476914405822754,
    "_LowColorB": 1.0,
    "_LowIntensity": 0.25,
    "_OutlineColorR": 1.0,
    "_OutlineColorG": 1.0,
    "_OutlineColorB": 1.0,
    "_OutlineSize": 72.33999633789063,
    "_RimColorR": 0.9528301954269409,
    "_RimColorG": 0.23174816370010377,
    "_RimColorB": 0.0,
    "_RimAlpha": 1.0,
    "_RimPower": 0.8339999914169312,
    "_RimDropOff": 0.0,
    "_FresnelColorR": 1.0,
    "_FresnelColorG": 0.0,
    "_FresnelColorB": 0.3552980422973633,
    "_FresnelBrightness": 1.0,
    "_FresnelPower": 0.7639999985694885,
    "_FresnelShadowDropoff": 0.032999999821186069,
    "_GradYCap": 0.0,
    "_GradIntensity": 0.0
}