{
    "_ColorR": 1.0,
    "_ColorG": 1.0,
    "_ColorB": 1.0,
    "_RampLevels": 2.0,
    "_LightScalar": 1.0,
    "_HighColorR": 0.150634765625,
    "_HighColorG": 0.09905660152435303,
    "_HighColorB": 1.0,
    "_HighIntensity": 3.7699999809265138,
    "_LowColorR": 0.9716981053352356,
    "_LowColorG": 0.21542362868785859,
    "_LowColorB": 0.614903450012207,
    "_LowIntensity": 0.5,
    "_OutlineColorR": 0.6220957636833191,
    "_OutlineColorG": 1.0,
    "_OutlineColorB": 0.2783018946647644,
    "_OutlineSize": 38.79999923706055,
    "_RimColorR": 0.9528301954269409,
    "_RimColorG": 0.23174816370010377,
    "_RimColorB": 0.0,
    "_RimAlpha": 1.0,
    "_RimPower": 0.6200000047683716,
    "_RimDropOff": 0.0,
    "_FresnelColorR": 1.0,
    "_FresnelColorG": 0.0896226167678833,
    "_FresnelColorB": 0.608620822429657,
    "_FresnelBrightness": 1.0,
    "_FresnelPower": 0.6499999761581421,
    "_FresnelShadowDropoff": 0.032999999821186069,
    "_GradYCap": 0.0,
    "_GradIntensity": 0.0
}